{
    "variants": {
        "normal": [
			{ "model": "gravel/1" },
			{ "model": "gravel/2" },
			{ "model": "gravel/3" },
			{ "model": "gravel/4" },
			{ "model": "gravel/5" },
			{ "model": "gravel/6" },
			{ "model": "gravel/7" },
			{ "model": "gravel/8" },
			{ "model": "gravel/9" },
			{ "model": "gravel/10" },
			{ "model": "gravel/11" },
			{ "model": "gravel/12" },
			{ "model": "gravel/13" },
			{ "model": "gravel/14" },
			{ "model": "gravel/15" },
			{ "model": "gravel/16" }
		]
	}
}
