{
    "multipart": [
        {   "apply": { "model": "iron_bars/post_ends" }},
        {   "when": { "north": false, "east": false, "south": false, "west": false },
            "apply": { "model": "iron_bars/post" }
        },
        {   "when": { "north": true, "east": false, "south": false, "west": false },
            "apply": { "model": "iron_bars/cap" }
        },
        {   "when": { "north": false, "east": true, "south": false, "west": false },
            "apply": { "model": "iron_bars/cap", "y": 90 }
        },
        {   "when": { "north": false, "east": false, "south": true, "west": false },
            "apply": { "model": "iron_bars/cap_alt" }
        },
        {   "when": { "north": false, "east": false, "south": false, "west": true },
            "apply": { "model": "iron_bars/cap_alt", "y": 90 }
        },
        {   "when": { "north": true },
            "apply": { "model": "iron_bars/side" }
        },
        {   "when": { "east": true },
            "apply": { "model": "iron_bars/side", "y": 90 }
        },
        {   "when": { "south": true },
            "apply": { "model": "iron_bars/side_alt" }
        },
        {   "when": { "west": true },
            "apply": { "model": "iron_bars/side_alt", "y": 90 }
        }
    ]
}
