{
    "variants": {
        "normal": [
            { "model": "netherrack/1" },
            { "model": "netherrack/2" },
            { "model": "netherrack/3" },
            { "model": "netherrack/4" },
            { "model": "netherrack/5" },
            { "model": "netherrack/6" },
            { "model": "netherrack/7" },
            { "model": "netherrack/8" },
            { "model": "netherrack/9" },
            { "model": "netherrack/10" },
            { "model": "netherrack/11" },
            { "model": "netherrack/12" },
            { "model": "netherrack/13" },
            { "model": "netherrack/14" },
            { "model": "netherrack/15" },
            { "model": "netherrack/16" }
        ]
    }
}
