{
    "multipart": [
      { "when": {"decayable": true},
        "apply": [
           { "model": "leaves/oak_1", "y": 270 },
           { "model": "leaves/oak_1", "y": 90 },
           { "model": "leaves/oak_1", "y": 180 },
           { "model": "leaves/oak_1" },
           { "model": "leaves/oak_2", "y": 270 },
           { "model": "leaves/oak_2", "y": 90 },
           { "model": "leaves/oak_2", "y": 180 },
           { "model": "leaves/oak_2" },
           { "model": "leaves/oak_3", "y": 270 },
           { "model": "leaves/oak_3", "y": 90 },
           { "model": "leaves/oak_3", "y": 180 },
           { "model": "leaves/oak_3" }
        ]
      },
      { "when": {"decayable": false},
        "apply": { "model": "leaves/oak_placed" }
      }
    ]
}
