{
    "ambientocclusion": false,
    "textures": {
        "particle": "blocks/door_dark_oak_lower",
        "bottom": "blocks/door_dark_oak_lower",
        "top": "blocks/door_dark_oak_upper",
        "handle": "blocks/gold_block"
    },
    "elements": [
        {   "from": [ 0, 0, 0 ],
            "to": [ 3, 16, 16 ],
            "faces": {
                "up":    { "uv": [ 7, 0, 9, 16 ], "texture": "#bottom", "cullface": "up" },
                "north": { "uv": [  0, 0,  3, 16 ], "texture": "#top", "cullface": "north" },
                "south": { "uv": [  7, 0,  9, 16 ], "texture": "#top", "cullface": "south" },
                "west":  { "uv": [  0, 0, 16, 16 ], "texture": "#top", "cullface": "west" },
                "east":  { "uv": [ 16, 0,  0, 16 ], "texture": "#top" }
            }
        },
        {   "from": [ -0.75, 1, 2 ],
            "to": [ 3.75, 14.25, 7 ],
            "faces": {
                "up":    { "uv": [ 2, 1.75, 7, 6.75 ], "texture": "#bottom" },
                "down":    { "uv": [ 2, 1.75, 7, 6.75 ], "texture": "#bottom" },
                "north": { "uv": [  7, 1.75,  2, 15 ], "texture": "#top" },
                "south": { "uv": [  7, 1.75,  2, 15 ], "texture": "#top" },
                "west":  { "uv": [  2, 1.75, 7, 15 ], "texture": "#top", "cullface": "west" },
                "east":  { "uv": [ 9, 1.75,  14, 15 ], "texture": "#top" }
            }
        },
        {   "from": [ -0.75, 1, 9 ],
            "to": [ 3.75, 14.25, 14 ],
            "faces": {
                "up":    { "uv": [ 2, 1.75, 7, 6.75 ], "texture": "#bottom" },
                "down":    { "uv": [ 2, 1.75, 7, 6.75 ], "texture": "#bottom" },
                "north": { "uv": [  7, 1.75,  2, 15 ], "texture": "#top" },
                "south": { "uv": [  7, 1.75, 2, 15 ], "texture": "#top" },
                "west":  { "uv": [ 9, 1.75,  14, 15 ], "texture": "#top", "cullface": "west" },
                "east":  { "uv": [  2, 1.75, 7, 15 ], "texture": "#top" }
            }
        },
        {   "from": [ -0.5, -0.25, 13 ],
            "to": [ 3.5, 0.75, 15.25 ],
            "faces": {
                "up":    { "uv": [ 4, 4, 8, 6.25 ], "texture": "#handle" },
                "down":    { "uv": [ 4, 4, 8, 6.25 ], "texture": "#handle" },
                "north": { "uv": [  4, 0.5,  8, 1.5 ], "texture": "#handle" },
                "south": { "uv": [  4, 4,  8, 5 ], "texture": "#handle" },
                "west":  { "uv": [  2.5, 0.5, 0.25, 1.5 ], "texture": "#handle" },
                "east":  { "uv": [  0.25, 0.5, 2.5, 1.5 ], "texture": "#handle" }
            }
        }
    ]
}
