{
    "ambientocclusion": false,
    "textures": {
        "particle": "blocks/door_jungle_lower",
        "bottom": "blocks/door_jungle_lower",
        "top": "blocks/door_jungle_upper"
    },
    "elements": [
        {   "__comment": "Grid",
            "from": [ 1.5, 0, 0 ],
            "to": [ 1.5, 16, 16 ],
            "faces": {
                "west":  { "uv": [  0, 0, 16, 16 ], "texture": "#bottom", "cullface": "west" },
                "east":  { "uv": [ 0, 0,  16, 16 ], "texture": "#bottom" }
            }
        },
        {   "__comment": "Bottom",
            "from": [ 0, 0, 3 ],
            "to": [ 3, 3, 13 ],
            "faces": {
                "up":    { "uv": [ 0, 13, 3, 3 ], "texture": "#bottom", "cullface": "up" },
                "down":  { "uv": [ 0, 3, 3, 13 ], "texture": "#bottom", "cullface": "down" },
                "west":  { "uv": [  3, 0, 13, 3 ], "texture": "#top", "cullface": "west" },
                "east":  { "uv": [ 13, 0,  3, 3 ], "texture": "#top" }
            }
        },
        {   "__comment": "Left",
            "from": [ 0, 0, 0 ],
            "to": [ 3, 16, 3 ],
            "faces": {
                "up":    { "uv": [ 0, 3, 3, 0 ], "texture": "#bottom", "cullface": "up" },
                "down":  { "uv": [ 0, 0, 3, 3 ], "texture": "#bottom", "cullface": "down" },
                "south": { "uv": [  3, 0,  0, 16 ], "texture": "#bottom" },
                "north": { "uv": [  3, 0,  0, 16 ], "texture": "#bottom" },
                "west":  { "uv": [ 0, 0, 3, 16 ], "texture": "#bottom", "cullface": "west" },
                "east":  { "uv": [ 3, 0, 0, 16 ], "texture": "#bottom" }
            }
        },
        {   "__comment": "Right",
            "from": [ 0, 0, 13 ],
            "to": [ 3, 16, 16 ],
            "faces": {
                "up":    { "uv": [ 0, 3, 3, 0 ], "texture": "#bottom", "cullface": "up" },
                "down":  { "uv": [ 0, 0, 3, 3 ], "texture": "#bottom", "cullface": "down" },
                "south": { "uv": [  0, 0,  3, 16 ], "texture": "#bottom" },
                "north": { "uv": [  0, 0,  3, 16 ], "texture": "#bottom" },
                "west":  { "uv": [ 13, 0, 16, 16 ], "texture": "#bottom", "cullface": "west" },
                "east":  { "uv": [ 16, 0, 13, 16 ], "texture": "#bottom" }
            }
        }
    ]
}
